index,q1,q2,dq1,dq2,tau1,tau2,ddq1,ddq2,inertia1,inertia2,coriolis1,coriolis2,gravity1,gravity2,residual1,residual2,residual_norm
0,0.7102929290517829,-1.0585417791217693,-0.7427115513647276,-0.7725838997373413,2.4535283413533975,5.655313695442571,-286.98091957266183,1564.4324997921874,1.2950445759093754,5.503839364871891,0.005048321517370641,-0.0015963070279423179,1.1534354439266519,0.15307063759862172,4.440892098500626e-16,0.0,4.440892098500626e-16
1,-0.07715338489534995,-1.481981362914264,0.4331692718471656,-0.05860065866144981,-1.3564491097486169,-2.4136351245180876,-4.871940361208134,-511.4882624631938,-2.673711432759057,-2.4149136280469046,-0.0001565293921468405,-0.0006204949203701482,1.3174188524025872,0.0018989984491872484,0.0,0.0,0.0
2,-0.2978339949700928,-1.245333834088442,-0.397093440800645,-0.22184649341879648,0.6447651093338855,2.937435073155486,-194.8229201188368,866.6744281243028,-0.6217981332203962,2.9334324807760233,0.000709053811172029,-0.0004960255873495779,1.2658541887431105,0.00449861796681286,7.771561172376096e-16,4.440892098500626e-16,8.95090418262362e-16
3,0.5996038034851668,-0.9572955461114281,-0.9635652884425066,0.3085142994642478,0.6730007800874436,5.621456209379012,-391.73466238860954,1722.5398521408601,-0.567462763645729,5.471437496758352,-0.0013555579723422315,-0.002520351924966186,1.2418191017055142,0.15253906454562494,-5.551115123125783e-16,-1.7763568394002505e-15,1.8610729195778454e-15
4,1.10244679343363,-1.6871768815291592,0.6566565959796777,-0.49335221863455914,1.995327834686968,4.230693762958776,-113.96191101505765,980.964900892495,1.2652546793681136,4.0963247111201815,-0.0013339530728646658,-0.0014218929665161181,0.7314071083917194,0.13579094480511042,4.440892098500626e-16,0.0,4.440892098500626e-16
5,0.955193958432713,-0.7593970831059637,0.269410894736992,0.7184170759721613,-0.03682022599589807,-4.266226406526222,277.9640263376071,-1368.0500937302888,-0.9605333391530528,-4.425794993780838,0.00206455554636554,-0.00016590613114146133,0.9216485576107882,0.15973449338575782,-9.992007221626409e-16,0.0,9.992007221626409e-16
6,-0.14390744061389887,-1.2021225550311594,0.49070680364439956,-0.10131343409187976,2.9004412010644973,-5.994952748483573,422.755072990994,-1821.1888443330674,1.5586163189190143,-6.030501916956947,-0.0002761395473794827,-0.0007457162807980845,1.3421010216928622,0.03629488475417166,0.0,0.0,0.0
7,1.15473802251609,-1.2261014155174461,0.6536725097429752,0.4578513731474485,4.490933302912188,-1.867795459563684,291.52302944675387,-795.5728089317489,3.7927119227292896,-2.0288918182957523,0.0025253854542019016,-0.0013351515507477848,0.6956959947286958,0.16243151028281594,-8.881784197001252e-16,2.220446049250313e-16,9.155133597044475e-16
8,-0.2230408631391134,-1.2446852110171827,-0.33741075797299436,-0.20272921940064093,7.879127126887614,-3.055562975721191,477.4959455853006,-1243.39406022946,6.575051269840829,-3.0719598033602638,0.0005595154366932866,-0.00035804807346966104,1.3035163416100912,0.01675487571254265,0.0,4.440892098500626e-16,4.440892098500626e-16
9,0.8520172269039713,-1.533638698628224,0.18737972009791148,-0.3065817488595961,-4.121922056801695,-1.7179715147824695,-147.18017044342753,-243.5242328311715,-5.117121186209149,-1.8443134338541938,-6.934685820902828e-05,-0.00011648858599023711,0.9952684762656617,0.12645840765771468,0.0,0.0,0.0
10,1.0949250468500131,-1.1216406757078476,0.036350648203874236,0.6071917482225977,0.059284079435409254,-6.198025351910127,354.6941510994666,-1824.9744592329205,-0.7091934830372257,-6.360809289926418,0.0012346381465945624,-3.95182360707755e-06,0.7672429243260399,0.16278788983989745,-5.551115123125783e-16,0.0,5.551115123125783e-16
11,-0.19017652184149123,-0.9815555780035677,-0.06642145530233567,-0.5823371667356905,7.470195559788801,-3.674325792555482,534.5857323867983,-1545.2595564424485,6.110114629737228,-3.7375884494093294,0.0011495255231126393,-1.2177144932036191e-05,1.3589314045284606,0.06327483399877877,8.881784197001252e-16,-4.440892098500626e-16,9.930136612989092e-16
12,0.8524379827089726,-1.3831541952509268,0.4923202775210549,0.05484805462597997,-7.416177638271503,3.405355498565738,-555.4342607873069,1327.7227417049387,-8.42520145408023,3.265700390024291,0.00018596366364300875,-0.0007905740915940876,1.0088378521450843,0.1404456826330419,-8.881784197001252e-16,4.440892098500626e-16,9.930136612989092e-16
13,0.06724525681152099,-1.2655529827697516,0.4275256865604966,0.9905815636384356,-0.8479986454284028,2.757137544509499,-253.68289703976714,885.1650786279065,-2.229516038542341,2.6984510393987793,0.005789206850235166,-0.000578772544114835,1.375728186263703,0.05926527765483373,-2.220446049250313e-16,-8.881784197001252e-16,9.155133597044475e-16
14,0.37702116822655396,-1.0337714314033921,-0.6820883248897771,0.9879342773972459,-5.6974920944465826,2.680462546963703,-494.67248483215576,1220.5989723230766,-7.05217695311449,2.5528188700347627,-0.001060340974606799,-0.0013271836344605412,1.3557451996425143,0.12897086056340068,0.0,0.0,0.0
15,-0.29454352683675344,-1.6126416296396933,0.7473939378549943,0.4992967557714223,-6.458198237904551,-3.502168178311372,-197.4973355383965,-545.7581648078396,-7.6703713648230485,-3.4465629719661193,0.003302631144414544,-0.0018529209145889828,1.2088704957740835,-0.05375228543066323,0.0,4.440892098500626e-16,4.440892098500626e-16
16,-0.28772802821431487,-0.7644598125577137,0.693210075814902,0.5535415272796829,3.175002112616143,2.7587382312005566,-107.63664894736667,736.0133549547122,1.8266122313083122,2.679124263696243,0.0024676293030403036,-0.0011042471654594476,1.345922252004791,0.08071821466977358,4.440892098500626e-16,4.440892098500626e-16,6.280369834735101e-16
17,-0.3474970787843571,-1.6434200299923223,-0.3981958698335517,0.15395949333432402,5.267105997863585,-0.91671929546842,223.741540811686,-394.0178202807359,4.093274472085325,-0.8497741463666585,-0.00032751078210638556,-0.0005250314262996212,1.1741590365603671,-0.06642011767546173,0.0,1.1102230246251565e-16,1.1102230246251565e-16
18,-0.0013020058182316996,-1.0655768172589148,0.9037555842354654,-0.02908257358946531,0.993908227662267,-3.3616246988254037,197.3962280586033,-1000.7889628892983,-0.40401717629798417,-3.4378835691952934,-0.00015026203984604922,-0.0023729140042655617,1.3980756660000966,0.07863178437415451,-6.661338147750939e-16,-4.440892098500626e-16,8.005932084973442e-16
19,0.805557241080508,-1.5537222603739966,0.3391256551417481,-0.5628694660164864,2.8066251561427595,0.03193185408208166,84.97057346032919,-104.62364142274627,1.773492628665834,-0.08704247257351451,-0.0002155856966820578,-0.00038176496358216186,1.0333481131736078,0.11935609161917836,0.0,2.7755575615628914e-17,2.7755575615628914e-17
20,0.9198615354447602,-1.1335677029311477,0.8142812960045089,-0.09825772701605517,-7.758568223056969,7.603994435695867,-856.506966087487,2707.357316787758,-8.716749213459542,7.446847176005123,-0.0004522480873829915,-0.0019942563559121307,0.9586332384899561,0.15914151604665505,0.0,-8.881784197001252e-16,8.881784197001252e-16
21,0.8298684791621772,-0.8775730572570697,0.6557308361951895,-0.7474660902918167,5.991105518882872,-6.654291913329876,708.8825435281875,-2488.887290827908,4.938931846197344,-6.815854599514231,-0.0010765620569223716,-0.0010980524524383817,1.0532502347424482,0.16266073863679276,-1.7763568394002505e-15,-8.881784197001252e-16,1.9860273225978185e-15
22,0.09435047671104202,-1.5399169007621132,-0.0341661686077277,-0.6206773746123979,-4.621180165615019,1.2681126799619484,-330.10574663017275,604.3050525192181,-5.956515721053379,1.2477766259115948,0.0014191302266489782,-3.873678311109008e-06,1.3339164252117106,0.020339927728664737,0.0,0.0,0.0
23,-0.14173750784762368,-1.2180652123281512,0.38778543937832155,-0.968710873316639,6.149506380242148,4.0714689217391005,-10.17437694840836,876.5591912550094,4.8086047037212305,4.037832343290673,0.0005829181979530026,-0.00046851577743728444,1.3403187583229645,0.03410509422586472,0.0,0.0,0.0
24,0.8029646893110846,-0.9759799307664739,0.9223333300691354,-0.7116181555366103,-6.676484871229022,3.835443441577537,-609.0171077637813,1638.1893649349108,-7.751138487785631,3.6773679529382326,-0.0022171536049740495,-0.0023392469197899076,1.0768707701615816,0.16041473555909389,-1.7763568394002505e-15,-4.440892098500626e-16,1.831026719408895e-15
25,-0.3709079082627266,-1.0699711344898497,0.24731619576586272,0.8483284470504457,-6.434554563605936,-2.3663151527898663,-210.0229160588383,-229.09296151486006,-7.688690420154801,-2.3872340687669977,0.003317855546731457,-0.00017812923784666347,1.2508180010021337,0.021097045214977937,0.0,0.0,0.0
26,0.8154694500387384,-1.3514299260245797,-0.4171610741736338,-0.6411445499602739,-7.677182694155778,0.4642205242174171,-417.46432163515044,551.4769811173621,-8.724774363884169,0.3247729395940555,0.003065413564587731,-0.0005639119037295605,1.044526256163803,0.140011496527091,0.0,-1.6653345369377348e-16,1.6653345369377348e-16
27,-0.2977034909347854,-1.2308133978041416,0.46720607041026097,-0.16253190034692677,1.7316222043750908,7.247714757132707,-392.34213600046326,2034.5864958038926,0.4637257981546885,7.241514984165701,-0.0003926701905831367,-0.0006832133602105281,1.2682890764109835,0.006882986327217335,-1.9984014443252818e-15,8.881784197001252e-16,2.1868857395626282e-15
28,-0.11265948982828322,-1.0564973235645152,0.3389574365692065,0.01740332519345844,-2.54064499576657,-5.395889826431025,161.74152379497625,-1386.2486808502388,-3.915421568505349,-5.4592187751368595,3.49777138838275e-05,-0.0003320977418209658,1.3747415950248953,0.06366104644765512,4.440892098500626e-16,0.0,4.440892098500626e-16
29,0.204183394625974,-1.146207839056725,0.9451110186219376,-0.45318169548874754,5.74439348883765,4.568916376116398,-66.34207030397398,1043.3536922900703,4.358549407928939,4.475840406309358,-0.00197013998570085,-0.0027022244442294393,1.387814220894413,0.09577819425126918,0.0,0.0,0.0
30,0.18749486977959917,-1.1242297210778047,-0.9465364516770207,0.9623288946381876,-0.11935420373615102,-5.541175752223184,272.6702797766809,-1561.9078242344992,-1.5094664139608573,-5.634966453274691,-0.0026820520119796624,-0.002682798825298024,1.3927942622366865,0.09647349987680602,4.440892098500626e-16,8.881784197001252e-16,9.930136612989092e-16
31,0.8694348085642495,-0.8286074900746043,0.473010472306866,0.9660467713908674,-3.5636506154379823,0.8588082362383496,-269.458964216039,547.8723878483916,-4.582263547230506,0.6966453854736763,0.004519616883669645,-0.0005474465360711647,1.0140933149088551,0.162710297300745,8.881784197001252e-16,4.440892098500626e-16,9.930136612989092e-16
32,0.3043439078819369,-1.0616119273642899,-0.43900910685432026,0.36374511639944895,-0.517235159506324,-1.8604082861486262,36.034496825756506,-471.7427531234485,-1.8938438696264623,-1.978192296872036,-0.0005422681871442502,-0.0005586891126430252,1.3771509783072824,0.11834269983605289,-2.220446049250313e-16,0.0,2.220446049250313e-16
33,0.7181999583339652,-1.427823051570492,-0.3384260113784776,0.9955093017046295,-1.7714414843038604,-2.589624844253988,4.4733308432300785,-585.3222891032598,-2.8895509048328947,-2.71278467461085,0.0010424452614289893,-0.0003763670238646332,1.1170669752676052,0.12353619738072642,0.0,0.0,0.0
34,1.1434266090702292,-0.7629736317775963,0.840076957242891,-0.8035834409575338,4.870472852411954,-4.635258816433595,552.0716594186579,-1859.2150089398936,4.174005433235106,-4.784841560432498,-0.0016161450011740342,-0.0016192005830766264,0.6980835641780225,0.151201944581979,0.0,0.0,0.0
35,0.6380860456531773,-0.8437986740884575,0.4934051872568799,-0.8817675349300602,1.5086727082196258,-5.262878947414526,396.3499831678754,-1743.4256539159371,0.28966254034425404,-5.4216875458529525,-0.00022976291721057163,-0.0006039024623972978,1.2192399307925812,0.15941250090082149,-1.1102230246251565e-15,-1.7763568394002505e-15,2.094764613337708e-15
36,0.9249038104370458,-1.473358393331634,-0.5882176810435373,-0.2895050360954097,0.8183016672498855,6.4498994476404,-313.6336973460762,1685.7665771168597,-0.11625123093692186,6.3120811344658065,0.0014023151328131198,-0.001143271385620779,0.9331505830539923,0.138961584560213,-1.887379141862766e-15,-8.881784197001252e-16,2.085919684541963e-15
37,-0.11422652881875933,-0.8597037154505032,-0.1581415040851346,0.9880381743272,2.1776058677281043,-4.461667406254341,355.7788106531149,-1494.8508073220885,0.7735617452683968,-4.553132610101079,0.0016695176133161105,-6.290685823654052e-05,1.4023746048463908,0.09152811070497359,-4.440892098500626e-16,-8.881784197001252e-16,9.930136612989092e-16
38,0.4132351188110953,-0.9580208626427658,0.6624007764871283,-0.0657361869914761,-1.956855522831722,3.7789070048109803,-399.0903971990937,1341.0790780950754,-3.304285544599323,3.640826548191708,-0.00022478809955012735,-0.0011916869799267484,1.347654809867152,0.13927214359919915,4.440892098500626e-16,4.440892098500626e-16,6.280369834735101e-16
39,-0.23743318237972666,-0.9942403346786816,-0.20824955758258223,0.38974251857335696,-6.601406811585186,-3.961967680673828,-111.6006071477169,-704.4069654595173,-7.93797799183673,-4.016019323136827,-2.9024821929992893e-05,-0.00012070606180043782,1.3366002050734738,0.0541723485247983,-8.881784197001252e-16,-4.440892098500626e-16,9.930136612989092e-16
40,0.061227863035105135,-1.3956944132964444,0.9349365122794049,0.7080139735179403,-6.613083092789385,1.2347770492986339,-426.879046271862,736.3344932383748,-7.974150714947384,1.1995065945254428,0.005966939074388119,-0.0028576572618685702,1.3551006830836108,0.038128112035059725,0.0,0.0,0.0
41,1.1213495620262406,-0.8894037345710336,-0.9004274997528341,0.48028646818986176,4.489944696986882,6.435053638563442,-254.02873856394854,1710.992458450241,3.7598393410352045,6.278659176664891,-0.0016355002765910543,-0.0020906764515791925,0.7317408562282676,0.15848513835013,-8.881784197001252e-16,0.0,8.881784197001252e-16
42,0.5304249622001047,-1.2628138265466031,-0.6328084412901629,0.18905351110836865,-3.5191531803085887,-3.3906359329254485,-23.575226489009573,-722.405745468576,-4.7777410750570155,-3.510457907585742,-0.0006439189668068937,-0.0012669264352341883,1.2592318137152338,0.12108890109552757,0.0,0.0,0.0
43,0.4485608869854908,-1.6265448565705545,-0.02627164772496937,-0.4965392803840796,-0.6047118118885138,-4.993575427543059,136.92523115888324,-1213.2100561359332,-1.8568662043411852,-5.0559086477782,0.0009037621212486863,-2.2879023602854525e-06,1.2512506303314228,0.062335508137502035,0.0,8.881784197001252e-16,8.881784197001252e-16
44,0.7933731156409528,-0.8362477149296287,0.38445655153672265,0.788780443663017,6.1507311613921,1.4276937530224725,153.079923866821,44.76304925245409,5.059489115499268,1.2653615831306568,0.0030273190982698095,-0.00036417873055638583,1.0882147267945612,0.16269634862237192,-8.881784197001252e-16,0.0,8.881784197001252e-16
45,0.8023426325919393,-1.5571762128696376,0.11156071637541509,0.933447548796339,3.91875529512442,7.511687651130407,-209.28143382413677,1793.051781406665,2.879510355248195,7.3931142893917166,0.00358392786793381,-4.131620168586505e-05,1.03566101200829,0.11861467794037618,-8.881784197001252e-16,0.0,8.881784197001252e-16
46,0.10076893528410247,-1.5523373747419464,-0.8732964901355535,-0.9591497314710682,1.4766374293610909,3.2820403406993197,-144.7887811743917,845.2721701872586,0.13590138002759714,3.2652020795276364,0.008614637299103984,-0.00253155588870437,1.3321214120343898,0.01936981706038755,0.0,0.0,0.0
47,-0.12454793029633054,-0.7479487139387471,-0.4388627761882993,-0.5272114949766067,3.292048254165989,-7.582194477158591,657.1739683500341,-2643.8815380994133,1.87645488844732,-7.686455919830653,0.00167253745712966,-0.0004349022047953303,1.4139208282615396,0.10469634487685586,0.0,-1.7763568394002505e-15,1.7763568394002505e-15
48,0.34419580101563096,-1.0311343603369085,0.12058776304759777,-0.5347063603970079,4.920347773100927,0.8761848817461235,118.74851932024409,-1.5616625373349928,3.5519339057403356,0.7503152172520932,0.00044702821454006863,-4.1416398772196035e-05,1.367966839146051,0.12591108089280242,0.0,-1.1102230246251565e-16,1.1102230246251565e-16
49,0.5164890659342378,-1.313497209732446,0.9557113177550147,-0.8845436497597432,-3.9437849991779625,3.446790761000175,-420.1431559291882,1209.799623992866,-5.202007952843982,3.335918474086284,-0.002916348221249918,-0.002932609935067101,1.2611393018872692,0.11380489684895846,-8.881784197001252e-16,4.440892098500626e-16,9.930136612989092e-16
50,0.08808587242402022,-0.9455845238482948,0.49390839564681044,-0.17321970222160665,5.470179037464794,3.1060324087200772,-9.368075422220647,655.1367421399858,4.04967425111823,3.0001339118711976,-0.00037985071552867113,-0.0006566978953028684,1.4208846370620931,0.10655519474418215,0.0,0.0,0.0
51,0.6770849173302375,-1.155040998980063,0.13797076984836187,0.8417181242278413,5.281590568382722,-4.064651756066697,442.39864328270744,-1469.86420187267,4.105757765188408,-4.209190914388891,0.0028572350198346587,-5.7815446404818094e-05,1.1729755681744805,0.14459697376859887,1.7763568394002505e-15,0.0,1.7763568394002505e-15
52,1.0258519495724885,-1.090678941560701,-0.048570748831228805,0.07460348283667462,0.7162805678832385,-0.2622832670971533,20.27269667072186,-117.80485951739375,-0.1301798150002605,-0.42478025683324155,-4.951165417352732e-06,-6.946759626413269e-06,0.8464653340489163,0.1625039364957146,0.0,-5.551115123125783e-17,5.551115123125783e-17
53,1.136809129439889,-0.9462726782451043,-0.7847543217504298,-0.43635685059411844,-2.1293315081802238,7.692656397085186,-640.1930993012894,2518.058605713017,-2.8464035189833994,7.534416110945688,0.002357392933321849,-0.001658654011749272,0.7147146178698577,0.15989894015124717,3.9968028886505635e-15,0.0,3.9968028886505635e-15
54,0.4974496900793888,-1.0706770408157495,0.9098243360163858,0.6513679658085263,-4.221450601388206,-3.8938730737670486,-5.715317474709044,-854.1818543387136,-5.522487115939795,-4.028277314685808,0.004689211583413437,-0.0024116421273685457,1.2963473029681754,0.13681588304612846,0.0,4.440892098500626e-16,4.440892098500626e-16
55,0.5603459842370416,-1.1953682178349827,-0.9717100045865337,0.0804101045986052,7.062395516767484,2.9238696696058035,106.06905514051026,464.4380402353715,5.814093708071603,2.795685586023154,-0.00046271180354200966,-0.002916474179220026,1.248764520499424,0.131100557761869,0.0,0.0,0.0
56,-0.18057931169055036,-0.9969538664864666,-0.6448292748362092,0.9478668539025938,0.6904006727154339,6.273127201023904,-437.26393171833115,1934.89623035683,-0.6690899224064397,6.211883230448619,-0.0009033036950527386,-0.001159349649855794,1.360393898816925,0.06240332022514076,-1.3322676295501878e-15,-8.881784197001252e-16,1.6011864169946884e-15
57,0.834688785902952,-0.7328646194170718,0.035036050116342254,-0.009333608882402311,-7.020111134629575,2.7637878390489767,-584.444140659894,1449.6471590541487,-8.067998790973123,2.6017880430954947,-1.2591538505170071e-06,-2.7264370637372343e-06,1.0478889154973987,0.16200252239054508,1.7763568394002505e-15,-4.440892098500626e-16,1.831026719408895e-15
58,-0.014425586945163549,-1.4367287598882759,0.17793628913500692,0.32572362655424314,-6.015536576688975,0.5578746697518149,-363.31506582948623,513.0300589904319,-7.355011527966225,0.5385420720778678,0.0007304655375203457,-0.00010417232672390896,1.3387444857397284,0.019436770000671053,-8.881784197001252e-16,0.0,8.881784197001252e-16
59,-0.38802495424158523,-1.6619642772255934,0.13902651678487743,0.40473922257801465,-1.2165547211170136,2.018696346655579,-197.45182854905167,632.6575353375118,-2.363741125814033,2.093842537763998,0.0009136810510251209,-6.39037025780566e-05,1.1462727236459946,-0.07508228740584087,2.220446049250313e-16,0.0,2.220446049250313e-16
60,0.933334115814152,-1.1602870355000778,0.7707355962188891,-0.04888978457193871,5.114262093696508,2.3807770065609546,61.123217083115215,397.3536749075223,4.170535958926391,2.223915278104121,-0.00022213888577310393,-0.001808336600394338,0.9439482736558905,0.1586700650572278,0.0,0.0,0.0
61,0.6132019093619984,-1.2091994294000594,0.5803307870476166,0.2675500710894949,5.814182835832067,5.572407003752604,-102.07038185487099,1291.3172518395775,4.599171967771102,5.438683267408913,0.0011865936525578683,-0.0010458167710250084,1.2138242744084091,0.13476955311471697,1.7763568394002505e-15,8.881784197001252e-16,1.9860273225978185e-15
62,0.6679837947456636,-1.3383052350931144,0.8902990137645792,0.2424943109286255,-3.6187718003280764,5.227890028252665,-492.18265498064943,1664.4769057243177,-4.783825909968169,5.102841056523638,0.001584932570917778,-0.0025607389971672788,1.1634691770691756,0.1276097107261953,8.881784197001252e-16,1.7763568394002505e-15,1.9860273225978185e-15
63,-0.034664868139751615,-1.6901625864331353,0.7798379853708493,-0.5164705330640755,-2.261849174988823,-0.3573437648734519,-148.6261155255358,65.37555321616519,-3.5537411749340797,-0.3303547984211003,-0.001776037448106874,-0.002004682040074615,1.2936680373933633,-0.024984284412277052,0.0,-1.1102230246251565e-16,1.1102230246251565e-16
64,-0.23079197243099206,-1.1977890534511988,-0.2370094293796352,-0.9194509109077587,-2.244748189756221,2.833509054408845,-328.50156140120487,1014.8578696323195,-3.5562511931146643,2.8106015207780435,0.003961172709748639,-0.00017367164938995153,1.3075418306486948,0.023081205280191624,0.0,0.0,0.0
65,1.0826520510415576,-1.0930328575480543,0.9225683841462338,0.22783457488888503,-1.7241191581764284,1.9895709880749362,-230.4361542728147,697.05949929279,-2.5071523158999462,1.8292431088168843,0.0013924398488157903,-0.0025093465851355372,0.7816407178747018,0.1628372258431877,-4.440892098500626e-16,2.220446049250313e-16,4.965068306494546e-16
66,0.5999804725990787,-0.886048850299791,-0.040766019765495765,0.6147445089354939,-4.525803384102705,-3.1177909334853027,-48.98380138637034,-629.4805493652482,-5.771873882587604,-3.274014716065832,0.0008429438336758716,-4.273663308900234e-06,1.2452275546512237,0.1562280562438386,0.0,0.0,0.0
67,0.2917771339890486,-1.4426413278905774,-0.38982478343259785,-0.30270594163002196,4.142322878328459,-0.46688231496375643,155.106851136698,-283.1737558228947,2.8111743970208782,-0.5327740011958542,0.0010788294514531413,-0.0005003809982772266,1.3300696518561277,0.06639206723037494,0.0,0.0,0.0
68,-0.03240616511952921,-1.616810050831862,0.7231186773706664,0.41039189964560285,2.892187064024922,-6.693539129919191,367.2554637469257,-1784.2285684380577,1.5836651157150339,-6.679047656994892,0.0025269819096412484,-0.0017341925718891281,1.3059949664002477,-0.012757280352409228,8.881784197001252e-16,8.881784197001252e-16,1.2560739669470201e-15
69,-0.35606760711757524,-1.3767219117228138,-0.938053743171332,-0.5878408802276995,7.625870269425944,-0.8754576759738733,337.87572310810907,-565.2312650376105,6.410733910433075,-0.8463263856240474,0.00471844375825758,-0.0028665718830235194,1.2104179152346104,-0.026264718466802756,-8.881784197001252e-16,-4.440892098500626e-16,9.930136612989092e-16
70,0.8005459699127982,-0.7892654114730447,-0.012573184708065899,0.5550623558110905,1.491628974375475,-0.7251328099155359,83.9749506793351,-315.96858519898706,0.40935087706484335,-0.8879680763154905,0.0006931782509801589,-3.725518490573312e-07,1.0815849190596512,0.1628356389518037,-2.220446049250313e-16,0.0,2.220446049250313e-16
71,0.8519263347871292,-1.506047238744576,-0.5082582498499792,0.16457558779222037,-3.9455521532141518,-5.993949379058899,66.69048460593311,-1379.6178964435885,-4.943219797823345,-6.122325370996791,-0.0004645173699598283,-0.0008558466251752604,0.9981321619791533,0.12923183856306786,-4.440892098500626e-16,8.881784197001252e-16,9.930136612989092e-16
72,0.5027661933028208,-1.0105748220114013,-0.258406955417257,-0.21082065804645134,1.699822224659238,-3.4107804762020493,249.24440247567873,-1103.4545021400445,0.40092629787007933,-3.552889493853042,0.00043143804856423073,-0.00018780206059512962,1.298464488740595,0.1422968197115876,4.440892098500626e-16,-4.440892098500626e-16,6.280369834735101e-16
73,0.12832512626027326,-1.5181081823133238,0.42553691937129834,-0.05467612491763618,4.2646957942933685,0.4251923706440497,114.85382566827064,-34.32474781729855,2.9269275567992734,0.3964761514133697,-0.0001443652697756562,-0.0006003568710859535,1.3379126027638708,0.029316576101765874,0.0,-5.551115123125783e-17,5.551115123125783e-17
74,0.9092146353470253,-1.0468499453399494,-0.057307616172032505,0.2520904117278848,2.721222008864572,-5.228233992346645,424.6898513905331,-1728.6931513241936,1.7491947564754675,-5.389530550134841,9.962358003659984e-05,-9.440743725852175e-06,0.9719276288090676,0.16130599853192107,-4.440892098500626e-16,-8.881784197001252e-16,9.930136612989092e-16
75,0.33184277181618516,-1.546233471065463,0.490966636893738,0.05675062787685259,5.356152137291547,-2.053735395297192,282.9222329186879,-739.2365686696385,4.051677391955236,-2.1097536292324475,0.00019564156566941808,-0.0008000387460344334,1.3042791037706403,0.056818272681289674,-8.881784197001252e-16,0.0,8.881784197001252e-16
76,0.9852237487764114,-1.6413406320224277,-0.8373806354461597,-0.3404111896772446,-4.334744314587139,-0.36125233510739285,-216.0847896915379,100.86698493664068,-5.19527638789441,-0.48796392886079915,0.002271813102649625,-0.0023222147555787185,0.8582602602046212,0.12903380850898508,0.0,1.1102230246251565e-16,1.1102230246251565e-16
77,0.040792233385218424,-0.989587694972438,0.6251613832139928,0.6035151021111194,5.12562537093762,-5.930776620054893,570.0104976045427,-2081.254652611144,3.709289189727028,-6.024576383051832,0.0031045608439723843,-0.0010844875509762725,1.4132316203666186,0.09488425054791487,0.0,0.0,0.0
78,-0.05148291737448607,-0.8251468118081975,0.8141697420029486,0.9444680253434679,6.818847161355029,0.22416898896830162,250.23382510965294,-344.8062569820237,5.3910437484702,0.12160582041331994,0.005926681387741104,-0.001616765162629598,1.421876731497087,0.10417993371761115,0.0,-1.1102230246251565e-16,1.1102230246251565e-16
79,0.04251884102323766,-1.6698456435068665,0.007795965852783748,-0.8973114182275088,1.1290067676376854,-6.032447611752007,247.53002863354502,-1518.807931305499,-0.1826587050436916,-6.0232465514677225,0.0026138330399021513,-2.0079091855276754e-07,1.309051639641475,-0.009200859493366175,2.220446049250313e-16,0.0,2.220446049250313e-16
80,-0.10974858015691957,-1.461922270586768,-0.03649199267527892,-0.5703856980112854,-1.5288675773758538,6.482920961093685,-449.00421779846624,1870.7016823714448,-2.8414430671030506,6.483067768754864,0.0012111229514732075,-4.394952368228726e-06,1.3113643667757242,-0.000142412708812131,4.440892098500626e-16,-8.881784197001252e-16,9.930136612989092e-16
81,0.26595016122641013,-0.8403919461289274,-0.20993754070350246,-0.6553763767745275,-2.4875271156903143,5.767784036548575,-584.8047977794622,2066.7258255289735,-3.8990359566731034,5.631184510013215,0.0017427681133522165,-0.00010899811635599335,1.4097660728694366,0.13670852465171557,-4.440892098500626e-16,0.0,4.440892098500626e-16
82,0.5605052899663295,-1.3466885343094623,-0.5741349306526635,0.2985952071069715,-1.6115146584165014,5.069653747618448,-393.7641573287587,1516.1788278620336,-2.843304717092671,4.9556616812712635,-0.0008212492340603176,-0.0010670073779837108,1.2326113079102312,0.11505907372516806,1.5543122344752192e-15,0.0,1.5543122344752192e-15
83,-0.13573942397826394,-0.7769428346497061,0.5283396401625107,0.573540712874735,0.6545105029949241,2.9811894682279494,-246.09253668797942,987.3872987653355,-0.7545748235906804,2.8822383881736577,0.002176357441738122,-0.0006497497933515342,1.4069089691438659,0.09960082984764301,-4.440892098500626e-16,0.0,4.440892098500626e-16
84,-0.06701574142291877,-1.1717009549352557,0.23034480920702682,-0.2444777967606535,0.7490400541449649,6.634163167549003,-418.4115672010246,1941.9452029882764,-0.6203708509607645,6.581236096139264,-0.00016170045012345958,-0.0001623114770132939,1.3695726055558544,0.053089382886752044,1.5543122344752192e-15,0.0,1.5543122344752192e-15
85,0.2633885678568426,-1.392373075957475,-0.11940980698370063,0.7711872309151215,-5.711232118992145,-1.0010424022738693,-267.94303340496896,72.66242575364765,-7.056144583829968,-1.0706251836844853,0.0013414043179710935,-4.658737413809997e-05,1.343571060519852,0.06962936878475419,0.0,0.0,0.0
86,0.7013342821517748,-1.4052277492918734,0.024419354013001326,0.7885457686399904,-2.989286284280759,-0.8656931798685683,-138.14934730017086,-57.45110153354917,-4.123622793736512,-0.9898333181143956,0.0021622696408876724,-1.952658882245363e-06,1.1321742398148653,0.12414209090470953,-4.440892098500626e-16,0.0,4.440892098500626e-16
87,-0.30522466910632406,-1.0659281729264047,-0.7807771073630707,-0.7687813496450082,2.227488956875808,0.9530979828728068,-14.421798415569059,216.75998619398678,0.9315280323869529,0.9225737865463299,0.005205778404207972,-0.0017714076572022848,1.2907551460846471,0.03229560398367909,0.0,0.0,0.0
88,0.8478039272220564,-1.4876093202538323,-0.9510875158710641,0.7099459839071014,5.300195243724179,-1.7913265876024198,289.2059053236619,-716.8358703388934,4.299372357374475,-1.9189708177150397,-0.002800391025681113,-0.002992778902945548,1.003623277375385,0.13063700901556544,0.0,0.0,0.0
89,-0.1267004623205889,-1.0504600695088842,0.08696649553145952,0.037633093595340616,-6.781756070350076,-5.933272169674467,-1.8773945897098085,-1280.2327244652583,-8.153107002754004,-5.995709750624795,2.2935047869171903e-05,-2.178650775150296e-05,1.3713279973560595,0.062459367458079326,1.7763568394002505e-15,0.0,1.7763568394002505e-15
90,0.15030086166785606,-1.3514568276403431,0.7161328691836315,-0.7619438418787914,4.405121224722132,-5.732049555697245,446.255176984419,-1753.8201622930656,3.043373586989438,-5.789220719496099,-0.0016550559591738349,-0.0016618565295471695,1.363402693691868,0.05883302032840179,0.0,0.0,0.0
91,0.509815374388808,-0.8117787149170315,-0.8214298588286475,0.721300958300042,3.3291114186565203,3.453663663561411,-138.96018277379667,912.8792439604276,2.0235773128942522,3.299810985820636,-0.001601114878370156,-0.0016252640282770508,1.3071352206406384,0.15547794176905153,0.0,-4.440892098500626e-16,4.440892098500626e-16
92,0.39123806747241685,-1.6283721555104878,0.7168097237797173,0.7723262091429974,-6.390649750818964,0.6010373509585722,-374.2352776630597,476.4836676854676,-7.669374289669074,0.549407436512033,0.0056469433402953064,-0.0017030430403109527,1.2730775955098146,0.05333295748684995,0.0,-2.220446049250313e-16,2.220446049250313e-16
93,-0.034255383817678176,-0.8887859586405313,-0.4976404696419521,-0.17016123096826496,3.9539296702170486,-2.9266891969239577,329.71696844888385,-1124.3936721926157,2.5364867178764836,-3.024311824631418,0.0005111200964235076,-0.0006382678840626341,1.4169318322441429,0.09826089559152275,1.3322676295501878e-15,0.0,1.3322676295501878e-15
94,-0.28235424478273413,-1.4266450528946253,-0.34932646666614486,-0.7881471895952039,5.565250863184691,-1.8904618902150094,291.61187351074074,-720.9432199623449,4.31663716925184,-1.8676267303094056,0.0038500827021918267,-0.0004009342163535556,1.24476361123066,-0.022434225689250718,8.881784197001252e-16,-4.440892098500626e-16,9.930136612989092e-16
95,0.10907585429106381,-1.0395026385280008,-0.3635614746433289,0.18317185906125988,3.370900288780943,1.3375349210843002,12.917739197889604,247.86098602790022,1.9622826290170652,1.2406141060644984,-0.0002851942090628112,-0.0003783361243643468,1.4089028539729407,0.09729915114416615,0.0,0.0,0.0
96,-0.3017737831566072,-0.7499284789886386,0.9185155902135287,-0.06371863091710406,-1.0756390574879333,2.521141961811221,-296.7864240256825,973.5628493675471,-2.4159905844442133,2.4422641946159285,-0.00025568823220391566,-0.001909114962446396,1.3406072151884847,0.08078688215773855,8.881784197001252e-16,-4.440892098500626e-16,9.930136612989092e-16
97,0.20894630526203906,-1.3913540198426895,-0.42693668511599236,-0.8327189510957598,5.9143114319365395,-6.5316180257728735,548.9456294895313,-2029.0356354727169,4.557307019359265,-6.592691968487933,0.004587929762022945,-0.0005954360717054029,1.352416482815253,0.06166937878676508,1.7763568394002505e-15,0.0,1.7763568394002505e-15
98,0.08985984479638792,-0.8695402194314923,0.5314743881707475,0.743661763978327,-7.832559744163476,-2.6352854188576877,-251.10671653274503,-222.25577759636178,-9.265895155145094,-2.750374947195581,0.0034079235132186765,-0.000716497250452346,1.4299274874683996,0.11580602558834592,0.0,0.0,0.0
99,0.3571701643742037,-1.0611434412587732,-0.38062703176030244,-0.07049168670176575,7.639354837060857,-1.7701575314840845,413.576917276208,-962.0894179150064,6.278876476128661,-1.893871346541072,0.00016991745314263705,-0.00041986411071319164,1.3603084434790538,0.12413367916770042,0.0,-2.220446049250313e-16,2.220446049250313e-16
100,0.9405689203342377,-1.1413962589600444,0.9160953501666871,0.491240286005894,-6.417046683832044,3.3064246652259914,-532.0025588209667,1363.1323633425156,-7.357651632180171,3.149384862842588,0.0034453135580896693,-0.0025332984548503464,0.9371596347900386,0.15957310083825468,1.7763568394002505e-15,8.881784197001252e-16,1.9860273225978185e-15
101,0.6484580743870291,-0.8248345267729328,-0.031180030233608935,-0.6323045338660707,7.087572981114771,-4.789347486738958,634.4061030348678,-1999.2085285786445,5.8745635904476385,-4.949664715971651,0.0010710091926153418,-2.370526432034594e-06,1.2119383814745177,0.16031959975912524,0.0,0.0,0.0
102,0.08155040674553077,-1.3955340966175331,-0.18059180256225837,-0.17048616307302633,-1.0460485316929464,0.6136224277650548,-139.4850208324796,279.21771462139975,-2.402767544993103,0.5723663218687073,0.0002963225333128602,-0.00010661778132165914,1.356422690766844,0.0413627236776693,4.440892098500626e-16,0.0,4.440892098500626e-16
103,0.9450133011872909,-0.7874650892320336,-0.09653948688811109,-0.27858696918414605,-3.8940174380112698,2.6101375019408835,-410.17371471975747,1139.7936234027584,-4.827996978322513,2.449330285472329,0.00030911081833844,-2.1924457699161756e-05,0.9336704294929057,0.1608291409262534,0.0,0.0,0.0
104,0.969335159124522,-1.1868411605237945,0.6038435834299931,-0.4176727126956117,1.8948090161427302,-6.554143304436035,439.7048921303423,-1992.728161955664,0.9902105307459941,-6.712030016143665,-0.0010157296135344432,-0.0011224212641782808,0.9056142150102693,0.15900913297180913,-1.3322676295501878e-15,8.881784197001252e-16,1.6011864169946884e-15
105,0.29862320637111084,-1.3410723290131876,-0.013910571958332119,-0.3924449556892522,0.3254466814756327,-2.5005986448403164,90.98039290715883,-658.2584925597697,-1.0182278520262793,-2.5826897638760773,0.0005331868426714099,-6.255561347901244e-07,1.3431413466592408,0.08209174459189535,2.220446049250313e-16,-4.440892098500626e-16,4.965068306494546e-16
106,-0.0599020687286288,-1.5224470950400106,-0.49873751687398005,0.5658871623201767,-1.110051655504753,-4.072404901296492,81.4912544451087,-954.9947588162455,-2.4244389212381035,-4.0696987610515,-0.0008098961699587497,-0.000824848804533255,1.3151971619033085,-0.0018812914404602481,-8.881784197001252e-16,-8.881784197001252e-16,1.2560739669470201e-15
107,0.8100766888725951,-1.0803276146088538,0.08127172643352099,0.8336994601040342,1.3969136987007342,2.6318330385008615,-139.1146359514015,715.1648953074205,0.3278639892211792,2.4749170510582945,0.002432409352111146,-1.934375888667032e-05,1.0666173001274442,0.15693533120145298,2.220446049250313e-16,-8.881784197001252e-16,9.155133597044475e-16
108,0.44278969737591056,-1.5874622180360292,-0.2951439988653888,0.5876842371687072,6.52650871379465,-3.6293975230643003,407.1293642361641,-1193.1534990271998,5.267004724089617,-3.6964198324514923,-5.079522106587338e-06,-0.00028916497110741086,1.2595090692271391,0.06731147435830005,-8.881784197001252e-16,4.440892098500626e-16,9.930136612989092e-16
109,-0.11585458870947501,-1.165625953203787,0.32237533235318017,0.7859428951355802,-5.608467376690623,6.359508911232023,-698.6041046740689,2244.9390087227857,-6.968957587369875,6.313366613492274,0.0034308984926999797,-0.0003170982610264153,1.357059312186554,0.046459396000776434,1.7763568394002505e-15,8.881784197001252e-16,1.9860273225978185e-15
110,1.1607739008889966,-0.7604410984757115,-0.5084951953908967,0.1617352380764947,-2.6862120128794853,3.100328981169886,-378.8553268697598,1205.181532598239,-3.361835694314457,2.9509506702302617,-0.0003165261559265178,-0.0005916746457973397,0.6759402075908989,0.1499699855854221,4.440892098500626e-16,4.440892098500626e-16,6.280369834735101e-16
111,-0.21628627180042095,-0.9326670505944792,-0.6196267183064641,-0.818245027805736,-6.409065130819034,-6.7048245180600485,88.56617673519588,-1574.5742514589883,-7.768934111722841,-6.770476774455579,0.004489427046803587,-0.0010238310503387575,1.3553795538570044,0.06667608744587047,0.0,8.881784197001252e-16,8.881784197001252e-16
112,0.11098338549939935,-1.3757777231426882,0.6901915012457485,-0.2485502331723497,3.6036222860055656,-4.469670655634324,338.352062345102,-1351.3683260025437,2.2441540684396415,-4.517176262473571,-0.0009162690917472246,-0.0015515501327756562,1.3603844866576718,0.04905715697202279,4.440892098500626e-16,0.0,4.440892098500626e-16
113,0.06944244745496775,-1.0149605250216518,-0.5538693097404908,0.9883750931980606,-3.875488453654519,4.298104326572014,-520.6807605084313,1615.195398068667,-5.286738159268951,4.203651991674036,-0.00033271647693286965,-0.0008651580998114654,1.4115824220913624,0.09531749299779042,-2.220446049250313e-15,8.881784197001252e-16,2.3914935841127266e-15
114,1.1713537547258488,-1.4075802238135444,-0.3187167788410892,-0.011669947181408569,2.8131070644610645,6.921416371566304,-247.28433165321144,1722.8506316564888,2.1416202343964015,6.763425689738098,2.481477648089297e-05,-0.0003327647983959209,0.6714620152881824,0.1583234466265998,0.0,-8.881784197001252e-16,8.881784197001252e-16
115,-0.12751564852207004,-0.9118256397272021,0.9223289702234923,-0.9232167367597985,-4.417056793004944,-2.5306115322314877,-97.96004098787766,-418.03436806397633,-5.806084560327492,-2.610907016318327,-0.002232948833998884,-0.0022329509027346132,1.3912607161565476,0.08252843498957359,0.0,0.0,0.0
116,1.0740468362107598,-1.6269424479121,-0.27834678818616165,0.35084854665752285,2.9179153604986467,0.889599629526181,65.26533671967636,98.0699429301965,2.150763136686087,0.7512732882726714,-0.00023939399846715156,-0.00025681809513855504,0.7673916178110272,0.1385831593486483,0.0,1.1102230246251565e-16,1.1102230246251565e-16
117,1.19442212108605,-1.3973439888217443,-0.6375099454595017,-0.3818207075075559,-7.071963941825398,-6.551309232791748,-8.54037216897543,-1425.8969132000016,-7.718500609336793,-6.709484879644487,0.0020687701256864727,-0.0013290641973049751,0.6444678973857089,0.1595047110500442,0.0,0.0,0.0
118,0.06348239685773793,-1.0315294420670487,-0.7977452179811539,0.26891565231114534,0.840809123875335,-1.0010033156624907,43.32848477768236,-292.659260722338,-0.5672807212899847,-1.0915092498711703,-0.001016287071915272,-0.0018129966480907268,1.409106132237235,0.09231893085677043,-1.1102230246251565e-16,2.220446049250313e-16,2.482534153247273e-16
119,0.9488793220915567,-1.1313562714119207,-0.9733414798830915,0.7103315331569684,4.659747093562222,-5.1600785430375975,496.11354262391404,-1783.6777415289296,3.733542320307853,-5.317374340484388,-0.0026386689351583013,-0.0028465075417564907,0.9288434421895271,0.1601423049885491,-8.881784197001252e-16,1.7763568394002505e-15,1.9860273225978185e-15
120,0.36796851308705214,-1.3339245850957555,0.20876594866798226,0.9805909523555836,1.0879372954240853,-7.629508841653536,402.6212587328784,-2121.834793384701,-0.2402079165176906,-7.721967417166876,0.004424578293489025,-0.0001406559135441013,1.3237206336482865,0.09259923142688448,-4.440892098500626e-16,0.0,4.440892098500626e-16
121,-0.15325120448391802,-0.7388076728547615,0.8658898898158045,-0.06165801455007203,7.6547078027712026,-7.203666476605116,843.2612831797447,-2848.7958960140822,6.248720447624307,-7.3042266953056485,-0.0002302254555207296,-0.0016762585532047532,1.4062175806024133,0.10223647725373651,-3.552713678800501e-15,0.0,3.552713678800501e-15
122,1.0093485190028466,-0.7664142303779743,0.6047711622366412,-0.14548259159301336,4.601803564518644,2.5046679161422336,9.32799140903143,488.1313195325957,3.741607021705428,2.3474458507280542,-0.000356448647747021,-0.0008421744904414653,0.8605529914609628,0.15806423990462093,0.0,0.0,0.0
123,0.3871132945068603,-1.2502965957658116,0.8462459868413597,0.22042431739094748,-6.620981604685539,3.8787461240055876,-579.9191415196075,1517.3788557289756,-7.949973274512112,3.775149175430028,0.0013286038499992936,-0.002256489310703185,1.3276630659765734,0.10585343788626339,0.0,8.881784197001252e-16,8.881784197001252e-16
124,0.6660709669045212,-1.4731342463962744,0.0908415340692792,-0.31388400547889406,-5.719076203002668,-6.7292246463903,20.397036498771435,-1485.608009699153,-6.8692621349163385,-6.841825334991091,0.00013710944681754214,-2.7266699854155002e-05,1.1500488224668524,0.11262795530064464,0.0,-8.881784197001252e-16,8.881784197001252e-16
125,-0.28392485780006,-1.6712966861418126,-0.28382416466571825,0.5754669192525197,-6.031946793209645,-0.7751105352040195,-300.407752700774,126.28819237726026,-7.237508996712243,-0.7137728945329113,1.486243345376977e-05,-0.0002660969282481712,1.205547341069144,-0.0610715437428602,0.0,-1.1102230246251565e-16,1.1102230246251565e-16
126,-0.13169157517618596,-0.8460338131871192,-0.31088025832101396,-0.6025537117396891,2.369425345471278,2.2571887144806997,-106.26385830470045,619.8047590283229,0.9685552645695016,2.1664126489655366,0.001833620983305859,-0.00024021891206170163,1.3990364599184704,0.09101628442722462,0.0,0.0,0.0
127,0.5728129725877672,-1.6987079529129336,-0.41248640481122556,-0.7383797559734397,-5.639268026944377,0.8416447405209002,-344.0244897666649,478.04686206091463,-6.821987757307446,0.772121164316145,0.0038011257342597327,-0.0005602666889138853,1.1789186046288092,0.0700838428936689,0.0,-2.220446049250313e-16,2.220446049250313e-16
128,0.7183796865391746,-1.4451237974246223,-0.8266372506228334,0.8771073466191199,4.104864383359722,6.713684593872493,-191.53450165991688,1619.4135390810409,2.9920304320734767,6.594233748253336,-0.00224237113322411,-0.0022507612449925093,1.1150763224194695,0.12170160686414974,0.0,0.0,0.0
129,0.5825958373671883,-1.3076082538695437,0.07818305429059946,0.9256613505000546,-6.983670563462004,-4.297232749926948,-136.77550863786996,-783.4094205746944,-8.210555864454955,-4.419101950950503,0.0032107776129115923,-1.959499144613328e-05,1.2236745233800383,0.12188879601500095,0.0,0.0,0.0
130,0.030505464492288692,-1.679538509450773,0.09814594428147849,-0.7303193213142283,0.5232229887983095,-7.854598350560792,294.91294889970095,-1949.9282781608367,-0.7841677758311,-7.8418390159899936,0.0012871869514092993,-3.1791424388882686e-05,1.3061035776780001,-0.012727543146410447,-1.1102230246251565e-16,-8.881784197001252e-16,8.95090418262362e-16
131,0.8499894461302931,-1.330638008378817,-0.6063207211544885,-0.449973027200429,-7.404969425868263,-3.281224129057998,-202.95820914327885,-495.4040827096882,-8.4225986361399,-3.4244334166834323,0.002412512972767051,-0.0011854860317987994,1.0152166972988703,0.1443947736572333,0.0,0.0,0.0
132,1.0048208340140423,-1.3782532379068684,0.9137769275799159,0.34690891110827793,-0.978586771765686,-5.420305303000346,205.56198072828664,-1425.0258129610093,-1.840206124247188,-5.569207128161805,0.0024581309303589086,-0.0027209336801207085,0.859161221551143,0.15162275884158014,-2.220446049250313e-16,0.0,2.220446049250313e-16
133,0.826640545077041,-1.3613583256457944,-0.5318902725719716,0.7772283218359253,5.08859883058315,-0.7848728920647545,234.59998209910606,-466.9489800321571,4.055479977822397,-0.9240688956259804,-0.0007232609494127463,-0.0009187274926045933,1.0338421137101645,0.14011473105383013,-8.881784197001252e-16,-3.3306690738754696e-16,9.485749680535094e-16
134,-0.10992929633005544,-1.3235841929519137,0.4970464615699799,-0.29831768290273475,-6.4983612467839205,-4.330578351330267,-125.08839774976532,-784.288110442244,-7.831459537129505,-4.3520688691021885,-0.0006681560943803677,-0.000795287103413879,1.3337664464399654,0.022285804875336518,8.881784197001252e-16,8.881784197001252e-16,1.2560739669470201e-15
135,-0.07023878829496155,-1.363206095870016,0.4273958564761531,-0.3428543925811709,0.8600996077477703,3.4811561307736856,-203.75483266370202,973.7285330954725,-0.4778186539085622,3.4594526938176684,-0.0005702153727322412,-0.0005934348233551961,1.3384884770290646,0.022296871779372448,-1.1102230246251565e-16,0.0,1.1102230246251565e-16
136,0.40987253011396874,-0.9250988799412245,-0.3582619248846568,0.5070455530102462,-1.5270084542420097,7.152418001923474,-612.0231763006191,2373.625979265136,-2.8785898587256233,7.011052811307939,-0.0002816417610699234,-0.0003403394941225927,1.351863046244683,0.1417055301096567,-4.440892098500626e-16,0.0,4.440892098500626e-16
137,0.5194120814991037,-1.1643705751995375,-0.6736442418884738,0.28693974103160547,-4.354580006936441,-4.994413777702896,43.29303742727296,-1151.5432575185432,-5.629211348560597,-5.123164165701987,-0.0009278450144341648,-0.0013838761177298457,1.2755591866385902,0.13013426411682133,0.0,0.0,0.0
138,0.14410776971935524,-0.8919918245419193,-0.6778887337530757,0.22536666028943708,1.9191423666740768,-3.8577042416797305,297.6072357812885,-1280.9718438568507,0.49464525062195003,-3.9759040049229935,-0.0006583008424866925,-0.0011874498402325722,1.4251554168946134,0.11938721308349634,0.0,8.881784197001252e-16,8.881784197001252e-16
139,1.0651303026802608,-0.7388146600560955,0.5313822831860979,0.2835674999863793,-5.5224524330200175,4.105909417486149,-598.6437650372176,1758.582655130248,-6.316684820279994,3.9522881279759257,0.0008535474016553135,-0.0006312961511038422,0.7933788398583226,0.1542525856613272,1.7763568394002505e-15,0.0,1.7763568394002505e-15
140,-0.24845743719353186,-1.625665049045194,0.4731858169661416,-0.8813539419086067,-7.506333163155295,-5.60851372958043,-154.9545081169926,-1040.4491516119235,-8.73643040236906,-5.5591300081792,-0.0001899616430273626,-0.000742245297244453,1.2302872008567918,-0.048641476103986676,0.0,-8.881784197001252e-16,8.881784197001252e-16
141,0.614917611674712,-1.3498907247997591,0.6807735687330496,-0.900354222946188,-6.587955489614533,3.2377651508406515,-522.5232263535544,1271.0374755617258,-7.785167866549676,3.118459316309216,-0.0013450863419237498,-0.0015012724056943784,1.1985574632770668,0.12080710693713016,0.0,4.440892098500626e-16,4.440892098500626e-16
142,0.7873381271468743,-1.111676178441439,0.5635559308414677,0.7192613900416926,0.3979529209423873,3.4341182563005503,-233.37189597275588,1008.7353036970172,-0.69153183872389,3.280707963710649,0.003952454646884462,-0.0009452239051496059,1.0855323050193924,0.15435551649505172,-5.551115123125783e-16,8.881784197001252e-16,1.047382306668854e-15
143,0.5661930078761452,-1.5902390633998855,0.39798630200628216,0.6517718992706474,-4.799333168546671,2.4547902139875113,-380.61064844159034,882.5516402557622,-6.0006758516272525,2.3706500643689017,0.003132157190449209,-0.0005257656900313651,1.1982105258901332,0.08466591530864155,0.0,4.440892098500626e-16,4.440892098500626e-16
144,0.285517834359421,-1.2076776847214066,0.2731656975452157,-0.7500133389557251,7.3346256183103495,-7.919701382143529,740.8194675410393,-2643.1308638241317,5.969747686870545,-8.017845127368338,0.00047410589898065896,-0.00023158272792570865,1.3644038255408246,0.09837532795273427,8.881784197001252e-16,0.0,8.881784197001252e-16
145,1.1018125916386792,-1.1194658672295494,-0.22619361730846954,0.25733296119445837,0.0015626880505621443,-1.5503817308307664,69.2567696563856,-457.217625881479,-0.757470708364446,-1.7130495027722321,-0.00014995729121836744,-0.00015285420530039743,0.7591833537062267,0.16282062614676646,2.220446049250313e-16,2.220446049250313e-16,3.1401849173675503e-16
146,0.8683727189819318,-1.660681205581453,-0.8777686173954498,-0.6183118540545127,-0.5259210808904289,-3.8995330266290065,103.15028620742308,-954.7928257158001,-1.497578615806841,-4.011336414469501,0.00485335433402205,-0.0025476597133256484,0.96680418058239,0.11435104755382094,1.1102230246251565e-16,4.440892098500626e-16,4.577566798522237e-16
147,-0.37247415070329737,-1.1569028223491884,0.4053400401916063,0.2154540361358186,-5.995915329251467,3.38084838921689,-537.4851542761139,1413.0201846051689,-7.232300795481273,3.3746047602464238,0.0006720236407073714,-0.0004994187027461373,1.2357134425890972,0.006743047673211921,-1.7763568394002505e-15,-8.881784197001252e-16,1.9860273225978185e-15
148,0.42783527495776463,-1.0199566657422103,-0.8308156000519136,0.8569816276482496,-1.0704685045040527,7.821007858471395,-609.0382369490973,2480.266469579641,-2.4041588089748442,7.6878376746938155,-0.0019507403811422216,-0.0019526772346212795,1.3356410448519327,0.13512286101220103,-8.881784197001252e-16,0.0,8.881784197001252e-16
149,0.04873606420640986,-1.5959919211325198,0.166503203666569,-0.9872234467454848,0.8675432637348521,-1.243357385548224,35.077402407646055,-301.26455308278156,-0.45631175753939485,-1.2470984906602294,0.0021435693217054697,-9.201219865385129e-05,1.3217114519525415,0.003833117310659223,0.0,0.0,0.0
150,0.6004694984699818,-1.6466029838478045,0.1351370620928356,-0.9771084940384784,3.704882557562369,-4.024612777323597,293.0983236448092,-1155.8305788653388,2.5323881070974887,-4.106125339298182,0.0022863855422623194,-6.045579878420417e-05,1.1702080649226176,0.08157301777336945,-4.440892098500626e-16,0.0,4.440892098500626e-16
151,0.3402269398742782,-0.9586059051262473,-0.7207079185591538,-0.17659700630206276,-4.767476821429085,2.642562948782574,-458.15684655819837,1182.4561025996297,-6.144756281646797,2.511284185204491,0.0007763621477921657,-0.001411294466273904,1.3765030980699187,0.13269005804435713,-8.881784197001252e-16,0.0,8.881784197001252e-16
152,1.091927629535006,-1.4676322383779614,0.46079692650301673,-0.5645372775740716,6.482009688913669,7.5264968691677385,-100.16356583930536,1685.5126225427102,5.723220144951348,7.375710689936877,-0.0006656601699789244,-0.0007012002448527391,0.7594552041322996,0.1514873794757139,0.0,0.0,0.0
153,-0.04660798592865162,-1.5778957557910331,0.5209093661987612,0.8150506817083341,7.967061178482449,2.667351649612799,182.08185472892433,391.57526186664245,6.652766367709265,2.6769943311745674,0.005024503078720142,-0.0009008479023785872,1.309270307694465,-0.00874183365938983,8.881784197001252e-16,0.0,8.881784197001252e-16
154,0.25126073353391587,-1.61941164816053,0.16566134994730408,0.017317121041248162,4.387813500612046,6.202310670041072,-131.46856727210792,1446.9129596046148,3.077004794610167,6.169627075697803,2.002061191681458e-05,-9.100537780291577e-05,1.310788685389962,0.03277459972107082,0.0,-8.881784197001252e-16,8.881784197001252e-16
155,0.9424891561297283,-1.0135183545826885,0.6750848666118738,0.724325151031574,-5.583469719953303,-4.4359370421532365,-9.487910657171174,-970.4879458499834,-6.5256771536849,-4.5970882969279,0.004233866225372737,-0.001284126897855463,0.9379735675062246,0.16243538167251972,0.0,0.0,0.0
156,1.1978428551442017,-1.1573066821813627,-0.33611921651080223,-0.46886305962223607,-4.748559785984277,-4.854623054706638,49.01463896252873,-1136.381654558961,-5.393661397007428,-5.016991809745675,0.0016265712181948912,-0.0003434705279449632,0.6434750398049556,0.16271222556698187,0.0,0.0,0.0
157,1.1877250284817564,-1.6929406161380505,-0.27592876315375214,0.539175744322423,-7.699315447208823,-7.380895623075002,-66.87775806812292,-1548.476047613753,-8.334964762682503,-7.523146406379821,-2.2532062970679337e-05,-0.0002508905336953449,0.6356718475366505,0.14250167383851375,0.0,0.0,0.0
158,-0.2769794836470798,-1.5987553120759674,-0.72651263452212,-0.202442412084759,2.60163362937811,0.03989936204847844,58.953012092651086,-38.410841387655424,1.3802579987232841,0.09054302628243799,0.00111221955469682,-0.0017516795476853822,1.2202634111001294,-0.048891984686274155,0.0,2.0816681711721685e-17,2.0816681711721685e-17
159,1.1377065199202305,-1.0081538230526292,-0.11298461156440509,-0.6591918372369143,6.495979016845697,1.0138754196135782,216.7640578986999,-116.5188350352462,5.779117969432293,0.8524299532320309,0.0016385691910120654,-3.5848357118271755e-05,0.7152224782223916,0.1614813147386656,0.0,0.0,0.0
160,0.8735261096532602,-1.1167329748650134,0.9862081500930242,-0.4318363497062605,-0.9265972881741149,1.7927039040487625,-190.0506746716879,599.6139975853694,-1.9299177607105633,1.6375522085401562,-0.001984919304312164,-0.002901860909934956,1.0053053918407602,0.1580535564185409,-4.440892098500626e-16,-4.440892098500626e-16,6.280369834735101e-16
161,0.13781961399048936,-0.7418168204242194,0.8446871735851458,-0.4853244989876453,7.173232535756947,5.048995113875527,-85.20830098579502,1181.7202938208873,5.733575415095243,4.916561559462113,-0.0013107585613944632,-0.0016004341877195927,1.4409678792230978,0.13403398860113297,-8.881784197001252e-16,-8.881784197001252e-16,1.2560739669470201e-15
162,0.24390205373098495,-1.2137768716490833,0.413840662591787,-0.4925759240200589,-3.325412920413097,-4.881251464157952,69.83282393374894,-1151.0896570412299,-4.697366501429189,-4.972792303938048,-0.0005134589087896279,-0.0005327425762087371,1.3724670399248815,0.09207358235630565,-8.881784197001252e-16,0.0,8.881784197001252e-16
163,0.09879959101162877,-0.8082692144127066,-0.35649158887662713,0.6301143286594313,-3.6432073845158772,-0.11037150375791605,-227.64479113053113,289.3555354388963,-5.0796449570192586,-0.23361889125784993,-0.0001253553094481385,-0.000305091877503434,1.4365629278128298,0.12355247937743721,0.0,-1.1102230246251565e-16,1.1102230246251565e-16
164,0.48649598007458317,-1.278897045293827,0.39621297975101477,0.8272060533786938,-4.236229266526122,-4.084673321674531,-21.390224000770118,-872.50334986938,-5.521187858889453,-4.1985144924611735,0.004259878315945769,-0.00049914248279818,1.2806987140473856,0.11434031326944154,0.0,8.881784197001252e-16,8.881784197001252e-16
165,0.42135162548864713,-1.1287094863077303,-0.6844289647881956,-0.006702459581023668,-4.11114470875488,-5.838649433580983,108.64841354052824,-1417.0167636409963,-5.438990939478874,-5.961019947241878,2.7666454863594306e-05,-0.0014057121830269605,1.327818564269131,0.12377622584392227,8.881784197001252e-16,0.0,8.881784197001252e-16
166,0.813818141343862,-0.9502243841595078,0.12606260899511867,-0.46824484395677524,-3.0079210636192126,-4.926161302677251,147.46034022309252,-1296.8207782313777,-4.07562753460355,-5.087451716731857,0.00027333006930493035,-4.292326824988409e-05,1.067433140915033,0.16133333732285546,8.881784197001252e-16,0.0,8.881784197001252e-16
167,0.3734153782894184,-1.2046216253290336,0.2143720495142032,0.29663224018059275,-0.6139237387393734,7.992930617297107,-548.0207122937738,2374.019208773652,-1.952864425702719,7.883317289814583,0.0006670047867696826,-0.0001424569145536029,1.338273682176575,0.10975578439707805,-8.881784197001252e-16,0.0,8.881784197001252e-16
168,0.8151878730391334,-1.0652569676788497,0.049141929329119094,0.5751409889101233,-5.270970792390969,7.6474335409311,-767.9558772069607,2634.5249985733453,-6.3346617688822,7.489659827493236,0.001125036490284205,-7.014675067230145e-06,1.0625659400009457,0.15778072811292854,-8.881784197001252e-16,-2.6645352591003757e-15,2.808666774861361e-15
169,0.5337146170895661,-1.5191578414961884,0.9034682693723108,-0.7447439482760523,6.034627925809609,-3.5232932443326774,390.55145866389677,-1177.3437726053673,4.811338464668259,-3.6105582848701423,-0.002622823379879293,-0.0027063540089687374,1.2259122845212291,0.08997139454643464,-8.881784197001252e-16,8.881784197001252e-16,1.2560739669470201e-15
170,1.1844887373203905,-0.9488717488503149,-0.7013404813106807,-0.6555978676426413,-3.8076366971830495,-6.872965503795966,259.2472683392176,-1870.5853492421593,-4.466752716327389,-7.029984884746359,0.0036411741571899057,-0.00132726464556766,0.6554748449871507,0.15834664559596093,1.3322676295501878e-15,0.0,1.3322676295501878e-15
171,0.9712277942401996,-1.238624638060677,0.861579054078333,-0.5929565119113354,-7.932982444940215,-3.6268354664378517,-192.7641993512123,-571.6459771111038,-8.83248266725447,-3.781564462013711,-0.002103309678103259,-0.002329778995250182,0.9016035319923574,0.15705877457110956,0.0,0.0,0.0
172,0.8040422429973672,-1.1874416473085425,0.3712573858721475,-0.18042688395343198,6.301300209990295,-3.8056344978998258,474.6411190653615,-1447.1737238631947,5.235156703922499,-3.9562332244457883,-0.000312260980371641,-0.00042438736738013844,1.0664557670481678,0.15102311391334292,0.0,4.440892098500626e-16,4.440892098500626e-16
173,0.010774315216838748,-1.2723513428181676,-0.3162993130328904,-0.20870557627920427,2.9986746887114073,-0.8965206662288878,127.73190088952622,-356.7532409660149,1.6291926100459853,-0.9457596883289712,0.0005571727798182876,-0.0003174675039685744,1.3689249058856034,0.04955648960405177,0.0,-1.1102230246251565e-16,1.1102230246251565e-16
174,0.6226718864917046,-1.4426803355729714,-0.059888184122194765,-0.8351605662719432,7.277114358018425,-4.382149718267193,502.61372459433426,-1509.5481859917306,6.091576640384041,-4.49323389709771,0.002626084948143884,-1.1809904596348845e-05,1.1829116326862408,0.11109598873511302,8.881784197001252e-16,0.0,8.881784197001252e-16
175,0.265164022422231,-1.2501714021034576,0.4881275255977229,0.015025725682428881,2.0426960338806097,-3.1833372583455795,216.12426250724366,-964.6775232570226,0.6792887824793261,-3.2726170653780837,4.6930385816981614e-05,-0.000750738314471986,1.3633603210154663,0.09003054534697633,-4.440892098500626e-16,4.440892098500626e-16,6.280369834735101e-16
176,0.13007706974605604,-1.3694126480141857,0.8467722632785275,0.7572586068219427,-6.9359075614519075,-6.217904898880045,-52.442575277018655,-1281.2568216099082,-8.303236894518891,-6.268566586506095,0.006037040114880478,-0.0023324087631121397,1.3612922929521025,0.05299409638916281,0.0,0.0,0.0
177,-0.2850184006875557,-1.4475565732636388,-0.03921416687450674,-0.5106877138864538,3.424400356736525,-1.544782914728227,175.30492337027883,-515.5029885351014,2.1834253905140883,-1.5185476106172893,0.0009912607812651026,-5.0666119865611026e-06,1.2399837054411715,-0.026230237498951082,0.0,0.0,0.0
178,0.654410529495946,-1.6724216372309386,-0.9925901724155832,0.28981742305530167,-1.094294297985373,-4.46339490597032,91.06885579979877,-1057.0401880947609,-2.2250320428098465,-4.545644667646334,-0.0016228513897333637,-0.0032541047017449606,1.1323605962142067,0.08550386637775892,0.0,0.0,0.0
179,0.5602881442064448,-1.5385513316487978,-0.9560877541765531,0.46711644809228825,-6.108236052907737,1.9427366053986006,-420.5045466599188,826.9713621393458,-7.314644352213352,1.854826203652056,-0.002239871094160323,-0.0030332470179098058,1.2086481703997765,0.09094364876445452,0.0,2.220446049250313e-16,2.220446049250313e-16
180,0.8113019177376951,-0.7997019522892752,0.6581332760801764,0.2965646606865209,-1.8597357151670941,2.762977027857117,-328.5043607042932,1047.6406353079315,-2.9322198822921024,2.6011732597357775,0.0011388209287483033,-0.0010312757879037662,1.0713453461962597,0.16283504390924275,-4.440892098500626e-16,-4.440892098500626e-16,6.280369834735101e-16
181,0.09066908766110265,-1.3770209541163696,0.009103458477904836,-0.6452643546814725,4.372397640528199,2.251672904341069,23.079869743834763,445.72821672318304,3.011355697031305,2.2059746331826613,0.0013181896563483604,-2.699887900336413e-07,1.359723753840545,0.04569854114719764,0.0,0.0,0.0
182,-0.23280939992677752,-1.3040368612422757,-0.6942352843072943,-0.255011012500743,-1.2388980396319536,0.19095666489884167,-126.53664650164129,190.23217817243187,-2.5296169365410908,0.18697261463760012,0.0013422169193599714,-0.0015435201301786917,1.2893766799897775,0.005527570391420063,2.220446049250313e-16,-1.6653345369377348e-16,2.7755575615628914e-16
183,1.016177246831738,-1.3568430934699711,0.8248878655046503,0.5093022297833945,-6.085209275512749,0.01159637271714864,-310.79904389891465,327.787427390008,-6.937109906378705,-0.13968370701644667,0.0035675090308067508,-0.0022075523398233416,0.8483331218351485,0.15348763207341906,0.0,4.163336342344337e-16,4.163336342344337e-16
184,0.7776152246090325,-1.2711971760385201,0.562273037327496,-0.8936464075945802,-4.7533505297329715,3.4636125615625346,-454.00944447109083,1259.7545179224524,-5.836326493175262,3.32120649086901,-0.0006545416445377032,-0.0010028657034382867,1.0836305050868282,0.14340893639696375,0.0,8.881784197001252e-16,8.881784197001252e-16
185,0.45168376737946847,-1.1766147448479378,-0.240780902119615,0.5237404200058131,3.4605009071655726,-5.324855814999541,421.29673359542517,-1701.5115309187804,2.151413193296308,-5.446575687724496,6.771651469154072e-05,-0.000177717525194424,1.3090199973545729,0.1218975902501501,0.0,0.0,0.0
186,0.4006483846021366,-0.7228306422712575,0.8610176177134365,0.7230020334006497,-5.881543815517325,-6.933513848315034,175.20754378930368,-1784.6527734733472,-7.254849161408238,-7.086352717207131,0.003882393745290729,-0.0016281658910562787,1.3694229521456227,0.15446703478315368,8.881784197001252e-16,0.0,8.881784197001252e-16
187,0.49914179557187277,-0.7578459280157037,0.2404370780332412,-0.9457472097415998,-2.7658202154196836,-7.6763245250226575,377.074453889745,-2247.602246305702,-4.082714752693257,-7.833619462008889,0.0010033000466674658,-0.00013192414058035775,1.315891237226907,0.15742686112681223,8.881784197001252e-16,8.881784197001252e-16,1.2560739669470201e-15
188,0.7607794246951624,-1.3472599844065332,-0.1273156971313234,-0.7191810238671354,5.274345187933118,-1.2220526239046734,263.9407369036277,-595.9647301140511,4.1807720252850915,-1.3576335405364768,0.002267302693603733,-5.2475898178855775e-05,1.0913058599544236,0.13563339252998205,0.0,-2.220446049250313e-16,2.220446049250313e-16
189,0.5064214942041473,-1.3426854185347055,-0.8554698779946606,-0.5343239753469231,-3.1826980425521327,1.3469730612997761,-270.27548326948255,579.026829019897,-4.449559795570663,1.2401938565070145,0.003879819903920589,-0.00236673148529421,1.262981933114609,0.10914593627805566,-1.3322676295501878e-15,-2.220446049250313e-16,1.3506446028928519e-15
190,0.38092145409527767,-1.2807105948340594,0.5706024182292639,0.5424206350720262,-0.6905642609102696,2.2562975234389917,-212.45372968017463,716.9085718361719,-2.0195935330444357,2.1560797177233377,0.0029052580538364496,-0.0010357864829058632,1.3261240140803294,0.10125359219855991,-4.440892098500626e-16,0.0,4.440892098500626e-16
191,0.9259861861491187,-1.3289415293163973,-0.002605132134810173,0.5122339335066142,-5.575964113112242,-4.768476493482503,-35.11822588778879,-1011.1659265065026,-6.51965237839484,-4.918279501758687,0.0008371573849288472,-2.187610733099262e-08,0.9428511078976685,0.14980303015229252,0.0,8.881784197001252e-16,8.881784197001252e-16
192,0.05907138832529846,-1.5693776376992157,-0.409699221688272,-0.9668757106165153,-1.1111496659208058,6.054454995991048,-387.7402751698464,1681.4855725918508,-2.443871824574187,6.045167707930481,0.005733983135095363,-0.0005572729006704268,1.3269881755182862,0.00984456096123788,4.440892098500626e-16,0.0,4.440892098500626e-16
193,-0.38494064906702175,-1.1156748036193187,0.5287069725855353,0.170601674825557,0.7438582276034946,-7.7402919830211605,451.1987611418592,-2250.3659289324423,-0.49107477747136835,-7.750877702836115,0.0006247438628510057,-0.0008335754068125832,1.2343082612120115,0.0114192952217672,-4.440892098500626e-16,0.0,4.440892098500626e-16
194,0.9283157943749002,-1.1317736602346309,0.18817668122643005,-0.1631498873789654,6.858993211822655,-5.841932417859395,638.741249554781,-2115.5622136265156,5.909021333783195,-6.001313101266079,-0.00010453172109795256,-0.0001064139718357298,0.9500764097605592,0.15948709737852151,8.881784197001252e-16,1.7763568394002505e-15,1.9860273225978185e-15
195,0.11382492961024471,-1.2370159219192312,0.6588289366463562,-0.46017049526442233,-4.789025440545791,-4.020587663310238,-52.07533245903802,-810.7929693846087,-6.169175539707178,-4.0897071850783,-0.0012377397363818891,-0.0013615329609780258,1.3813878388977692,0.07048105472903977,0.0,0.0,0.0
196,0.6595457728073474,-0.9396920104229378,-0.17950080425861903,0.07749115347137292,-4.047448266584352,6.133360919665176,-651.0017713448455,2202.601541638244,-5.246605894214875,5.976949835445073,-5.847372970831226e-05,-8.636682196601167e-05,1.1992161013602338,0.15649745104206905,2.6645352591003757e-15,8.881784197001252e-16,2.808666774861361e-15
197,1.094254414287796,-1.0946058742855074,0.2963642610675097,-0.6716911393490428,0.3603672794636754,7.286590238611389,-460.05261608656537,2134.0171485554993,-0.4078766557286593,7.124003408811993,0.00015649760799950696,-0.0002591601428988698,0.7680874375843341,0.16284598994229488,-1.1102230246251565e-15,8.881784197001252e-16,1.4217791915866692e-15
198,-0.398306815947614,-1.041079803318794,-0.13492041027498258,-0.49172415439975303,-6.030484500698956,-2.3094136287319067,-192.50914605198727,-237.0468360592285,-7.2690529584240995,-2.3306994844178237,0.0010728830735491329,-5.2152988005619455e-05,1.2374955746515954,0.021338008673922722,8.881784197001252e-16,0.0,8.881784197001252e-16
199,1.079202381266224,-1.3302238003081603,-0.10840464382177539,0.5058061959760922,-6.999134881918593,2.3273645016641265,-473.7907522283561,1018.1693524312475,-7.780168330255547,2.169660115061322,0.0004713297688855975,-3.789163125787319e-05,0.7805621185680692,0.1577422782340624,0.0,0.0,0.0
